<?xml version="1.0" encoding="UTF-8"?>
<LightningComponentBundle xmlns="http://soap.sforce.com/2006/04/metadata">
    <apiVersion>60.0</apiVersion>
    <isExposed>true</isExposed>
    <targets>
        <target>lightning__AppPage</target>
        <target>lightning__HomePage</target>
        <target>lightning__RecordPage</target>
    </targets>
    <targetConfigs>
        <targetConfig targets="lightning__AppPage,lightning__HomePage">
            <supportedFormFactors>
                <supportedFormFactor type="Large"></supportedFormFactor>
                <supportedFormFactor type="Small"></supportedFormFactor>
            </supportedFormFactors>
        </targetConfig>
    </targetConfigs>
</LightningComponentBundle>