<?xml version="1.0" encoding="UTF-8"?>
<CustomObject xmlns="http://soap.sforce.com/2006/04/metadata">
    <actionOverrides>
        <actionName>Accept</actionName>
        <type>Default</type>
    </actionOverrides>
    <actionOverrides>
        <actionName>Accept</actionName>
        <formFactor>Large</formFactor>
        <type>Default</type>
    </actionOverrides>
    <actionOverrides>
        <actionName>Accept</actionName>
        <formFactor>Small</formFactor>
        <type>Default</type>
    </actionOverrides>
    <actionOverrides>
        <actionName>CancelEdit</actionName>
        <type>Default</type>
    </actionOverrides>
    <actionOverrides>
        <actionName>CancelEdit</actionName>
        <formFactor>Large</formFactor>
        <type>Default</type>
    </actionOverrides>
    <actionOverrides>
        <actionName>CancelEdit</actionName>
        <formFactor>Small</formFactor>
        <type>Default</type>
    </actionOverrides>
    <actionOverrides>
        <actionName>Clone</actionName>
        <type>Default</type>
    </actionOverrides>
    <actionOverrides>
        <actionName>Clone</actionName>
        <formFactor>Large</formFactor>
        <type>Default</type>
    </actionOverrides>
    <actionOverrides>
        <actionName>Clone</actionName>
        <formFactor>Small</formFactor>
        <type>Default</type>
    </actionOverrides>
    <actionOverrides>
        <actionName>Delete</actionName>
        <type>Default</type>
    </actionOverrides>
    <actionOverrides>
        <actionName>Delete</actionName>
        <formFactor>Large</formFactor>
        <type>Default</type>
    </actionOverrides>
    <actionOverrides>
        <actionName>Delete</actionName>
        <formFactor>Small</formFactor>
        <type>Default</type>
    </actionOverrides>
    <actionOverrides>
        <actionName>Edit</actionName>
        <type>Default</type>
    </actionOverrides>
    <actionOverrides>
        <actionName>Edit</actionName>
        <formFactor>Large</formFactor>
        <type>Default</type>
    </actionOverrides>
    <actionOverrides>
        <actionName>Edit</actionName>
        <formFactor>Small</formFactor>
        <type>Default</type>
    </actionOverrides>
    <actionOverrides>
        <actionName>List</actionName>
        <type>Default</type>
    </actionOverrides>
    <actionOverrides>
        <actionName>List</actionName>
        <formFactor>Large</formFactor>
        <type>Default</type>
    </actionOverrides>
    <actionOverrides>
        <actionName>List</actionName>
        <formFactor>Small</formFactor>
        <type>Default</type>
    </actionOverrides>
    <actionOverrides>
        <actionName>New</actionName>
        <type>Default</type>
    </actionOverrides>
    <actionOverrides>
        <actionName>New</actionName>
        <formFactor>Large</formFactor>
        <type>Default</type>
    </actionOverrides>
    <actionOverrides>
        <actionName>New</actionName>
        <formFactor>Small</formFactor>
        <type>Default</type>
    </actionOverrides>
    <actionOverrides>
        <actionName>SaveEdit</actionName>
        <type>Default</type>
    </actionOverrides>
    <actionOverrides>
        <actionName>SaveEdit</actionName>
        <formFactor>Large</formFactor>
        <type>Default</type>
    </actionOverrides>
    <actionOverrides>
        <actionName>SaveEdit</actionName>
        <formFactor>Small</formFactor>
        <type>Default</type>
    </actionOverrides>
    <actionOverrides>
        <actionName>Tab</actionName>
        <type>Default</type>
    </actionOverrides>
    <actionOverrides>
        <actionName>Tab</actionName>
        <formFactor>Large</formFactor>
        <type>Default</type>
    </actionOverrides>
    <actionOverrides>
        <actionName>Tab</actionName>
        <formFactor>Small</formFactor>
        <type>Default</type>
    </actionOverrides>
    <actionOverrides>
        <actionName>View</actionName>
        <type>Default</type>
    </actionOverrides>
    <actionOverrides>
        <actionName>View</actionName>
        <formFactor>Large</formFactor>
        <type>Default</type>
    </actionOverrides>
    <actionOverrides>
        <actionName>View</actionName>
        <formFactor>Small</formFactor>
        <type>Default</type>
    </actionOverrides>
    <allowInChatterGroups>false</allowInChatterGroups>
    <compactLayoutAssignment>SYSTEM</compactLayoutAssignment>
    <deploymentStatus>Deployed</deploymentStatus>
    <enableActivities>false</enableActivities>
    <enableBulkApi>true</enableBulkApi>
    <enableFeeds>false</enableFeeds>
    <enableHistory>false</enableHistory>
    <enableLicensing>false</enableLicensing>
    <enableReports>true</enableReports>
    <enableSearch>true</enableSearch>
    <enableSharing>true</enableSharing>
    <enableStreamingApi>true</enableStreamingApi>
    <label>Campaign Suggestion Member</label>
    <nameField>
        <displayFormat>CSM-{00000}</displayFormat>
        <label>Member Number</label>
        <trackHistory>false</trackHistory>
        <type>AutoNumber</type>
    </nameField>
    <pluralLabel>Campaign Suggestion Members</pluralLabel>
    <searchLayouts/>
    <sharingModel>ControlledByParent</sharingModel>
    <visibility>Public</visibility>
    <fields>
        <fullName>Campaign__c</fullName>
        <deleteConstraint>SetNull</deleteConstraint>
        <externalId>false</externalId>
        <label>Campaign</label>
        <referenceTo>Campaign</referenceTo>
        <relationshipLabel>Campaign Suggestion Members</relationshipLabel>
        <relationshipName>Campaign_Suggestion_Members</relationshipName>
        <required>true</required>
        <trackTrending>false</trackTrending>
        <type>Lookup</type>
    </fields>
    <fields>
        <fullName>Suggestion__c</fullName>
        <externalId>false</externalId>
        <label>Suggestion</label>
        <referenceTo>Campaign_Grouping_Suggestion__c</referenceTo>
        <relationshipLabel>Campaign Suggestion Members</relationshipLabel>
        <relationshipName>Campaign_Suggestion_Members</relationshipName>
        <relationshipOrder>0</relationshipOrder>
        <reparentableMasterDetail>false</reparentableMasterDetail>
        <trackTrending>false</trackTrending>
        <type>MasterDetail</type>
        <writeRequiresMasterRead>false</writeRequiresMasterRead>
    </fields>
    <fields>
        <fullName>Original_Name__c</fullName>
        <externalId>false</externalId>
        <label>Original Campaign Name</label>
        <length>255</length>
        <required>true</required>
        <trackTrending>false</trackTrending>
        <type>Text</type>
        <unique>false</unique>
    </fields>
    <fields>
        <fullName>Channel_Type__c</fullName>
        <externalId>false</externalId>
        <label>Channel Type</label>
        <required>false</required>
        <trackTrending>false</trackTrending>
        <type>Picklist</type>
        <valueSet>
            <restricted>true</restricted>
            <valueSetDefinition>
                <sorted>false</sorted>
                <value>
                    <fullName>Email</fullName>
                    <default>false</default>
                    <label>Email</label>
                </value>
                <value>
                    <fullName>SMS</fullName>
                    <default>false</default>
                    <label>SMS</label>
                </value>
                <value>
                    <fullName>Call</fullName>
                    <default>false</default>
                    <label>Call</label>
                </value>
                <value>
                    <fullName>Social Media</fullName>
                    <default>false</default>
                    <label>Social Media</label>
                </value>
                <value>
                    <fullName>Other</fullName>
                    <default>false</default>
                    <label>Other</label>
                </value>
            </valueSetDefinition>
        </valueSet>
    </fields>
</CustomObject>