<?xml version="1.0" encoding="UTF-8"?>
<CustomObject xmlns="http://soap.sforce.com/2006/04/metadata">
    <customSettingsType>Hierarchy</customSettingsType>
    <enableFeeds>false</enableFeeds>
    <label>Grouping Analytics</label>
    <visibility>Public</visibility>
    <fields>
        <fullName>Total_Suggestions__c</fullName>
        <externalId>false</externalId>
        <label>Total Suggestions</label>
        <precision>18</precision>
        <required>false</required>
        <scale>0</scale>
        <trackTrending>false</trackTrending>
        <type>Number</type>
        <unique>false</unique>
    </fields>
    <fields>
        <fullName>Approved_Suggestions__c</fullName>
        <externalId>false</externalId>
        <label>Approved Suggestions</label>
        <precision>18</precision>
        <required>false</required>
        <scale>0</scale>
        <trackTrending>false</trackTrending>
        <type>Number</type>
        <unique>false</unique>
    </fields>
    <fields>
        <fullName>Success_Rate__c</fullName>
        <externalId>false</externalId>
        <label>Success Rate</label>
        <precision>5</precision>
        <required>false</required>
        <scale>2</scale>
        <trackTrending>false</trackTrending>
        <type>Percent</type>
    </fields>
    <fields>
        <fullName>Last_Analysis_Date__c</fullName>
        <externalId>false</externalId>
        <label>Last Analysis Date</label>
        <required>false</required>
        <trackTrending>false</trackTrending>
        <type>DateTime</type>
    </fields>
</CustomObject>