<?xml version="1.0" encoding="UTF-8"?>
<CustomObject xmlns="http://soap.sforce.com/2006/04/metadata">
    <deploymentStatus>Deployed</deploymentStatus>
    <enableActivities>false</enableActivities>
    <enableBulkApi>true</enableBulkApi>
    <enableFeeds>false</enableFeeds>
    <enableHistory>false</enableHistory>
    <enableReports>true</enableReports>
    <enableSearch>true</enableSearch>
    <enableSharing>true</enableSharing>
    <enableStreamingApi>true</enableStreamingApi>
    <label>ML Pattern</label>
    <nameField>
        <displayFormat>MLP-{00000}</displayFormat>
        <label>Pattern Number</label>
        <type>AutoNumber</type>
    </nameField>
    <pluralLabel>ML Patterns</pluralLabel>
    <searchLayouts/>
    <sharingModel>ReadWrite</sharingModel>
    <visibility>Public</visibility>
    <fields>
        <fullName>Pattern_Type__c</fullName>
        <externalId>false</externalId>
        <label>Pattern Type</label>
        <length>255</length>
        <required>true</required>
        <trackTrending>false</trackTrending>
        <type>Text</type>
        <unique>false</unique>
    </fields>
    <fields>
        <fullName>Pattern_Name__c</fullName>
        <externalId>false</externalId>
        <label>Pattern Name</label>
        <length>255</length>
        <required>true</required>
        <trackTrending>false</trackTrending>
        <type>Text</type>
        <unique>false</unique>
    </fields>
    <fields>
        <fullName>Success_Rate__c</fullName>
        <externalId>false</externalId>
        <label>Success Rate</label>
        <precision>5</precision>
        <required>true</required>
        <scale>4</scale>
        <trackTrending>false</trackTrending>
        <type>Number</type>
        <unique>false</unique>
    </fields>
    <fields>
        <fullName>Confidence_Threshold__c</fullName>
        <externalId>false</externalId>
        <label>Confidence Threshold</label>
        <precision>5</precision>
        <required>false</required>
        <scale>4</scale>
        <trackTrending>false</trackTrending>
        <type>Number</type>
        <unique>false</unique>
    </fields>
    <fields>
        <fullName>Pattern_Data__c</fullName>
        <externalId>false</externalId>
        <label>Pattern Data</label>
        <length>32768</length>
        <trackTrending>false</trackTrending>
        <type>LongTextArea</type>
        <visibleLines>5</visibleLines>
    </fields>
    <fields>
        <fullName>Usage_Count__c</fullName>
        <externalId>false</externalId>
        <label>Usage Count</label>
        <precision>18</precision>
        <required>false</required>
        <scale>0</scale>
        <trackTrending>false</trackTrending>
        <type>Number</type>
        <unique>false</unique>
    </fields>
    <fields>
        <fullName>Last_Used__c</fullName>
        <externalId>false</externalId>
        <label>Last Used</label>
        <required>false</required>
        <trackTrending>false</trackTrending>
        <type>DateTime</type>
    </fields>
</CustomObject>