<?xml version="1.0" encoding="UTF-8"?>
<CustomObject xmlns="http://soap.sforce.com/2006/04/metadata">
    <actionOverrides>
        <actionName>Accept</actionName>
        <type>Default</type>
    </actionOverrides>
    <actionOverrides>
        <actionName>Accept</actionName>
        <formFactor>Large</formFactor>
        <type>Default</type>
    </actionOverrides>
    <actionOverrides>
        <actionName>Accept</actionName>
        <formFactor>Small</formFactor>
        <type>Default</type>
    </actionOverrides>
    <actionOverrides>
        <actionName>CancelEdit</actionName>
        <type>Default</type>
    </actionOverrides>
    <actionOverrides>
        <actionName>CancelEdit</actionName>
        <formFactor>Large</formFactor>
        <type>Default</type>
    </actionOverrides>
    <actionOverrides>
        <actionName>CancelEdit</actionName>
        <formFactor>Small</formFactor>
        <type>Default</type>
    </actionOverrides>
    <actionOverrides>
        <actionName>Clone</actionName>
        <type>Default</type>
    </actionOverrides>
    <actionOverrides>
        <actionName>Clone</actionName>
        <formFactor>Large</formFactor>
        <type>Default</type>
    </actionOverrides>
    <actionOverrides>
        <actionName>Clone</actionName>
        <formFactor>Small</formFactor>
        <type>Default</type>
    </actionOverrides>
    <actionOverrides>
        <actionName>Delete</actionName>
        <type>Default</type>
    </actionOverrides>
    <actionOverrides>
        <actionName>Delete</actionName>
        <formFactor>Large</formFactor>
        <type>Default</type>
    </actionOverrides>
    <actionOverrides>
        <actionName>Delete</actionName>
        <formFactor>Small</formFactor>
        <type>Default</type>
    </actionOverrides>
    <actionOverrides>
        <actionName>Edit</actionName>
        <type>Default</type>
    </actionOverrides>
    <actionOverrides>
        <actionName>Edit</actionName>
        <formFactor>Large</formFactor>
        <type>Default</type>
    </actionOverrides>
    <actionOverrides>
        <actionName>Edit</actionName>
        <formFactor>Small</formFactor>
        <type>Default</type>
    </actionOverrides>
    <actionOverrides>
        <actionName>List</actionName>
        <type>Default</type>
    </actionOverrides>
    <actionOverrides>
        <actionName>List</actionName>
        <formFactor>Large</formFactor>
        <type>Default</type>
    </actionOverrides>
    <actionOverrides>
        <actionName>List</actionName>
        <formFactor>Small</formFactor>
        <type>Default</type>
    </actionOverrides>
    <actionOverrides>
        <actionName>New</actionName>
        <type>Default</type>
    </actionOverrides>
    <actionOverrides>
        <actionName>New</actionName>
        <formFactor>Large</formFactor>
        <type>Default</type>
    </actionOverrides>
    <actionOverrides>
        <actionName>New</actionName>
        <formFactor>Small</formFactor>
        <type>Default</type>
    </actionOverrides>
    <actionOverrides>
        <actionName>SaveEdit</actionName>
        <type>Default</type>
    </actionOverrides>
    <actionOverrides>
        <actionName>SaveEdit</actionName>
        <formFactor>Large</formFactor>
        <type>Default</type>
    </actionOverrides>
    <actionOverrides>
        <actionName>SaveEdit</actionName>
        <formFactor>Small</formFactor>
        <type>Default</type>
    </actionOverrides>
    <actionOverrides>
        <actionName>Tab</actionName>
        <type>Default</type>
    </actionOverrides>
    <actionOverrides>
        <actionName>Tab</actionName>
        <formFactor>Large</formFactor>
        <type>Default</type>
    </actionOverrides>
    <actionOverrides>
        <actionName>Tab</actionName>
        <formFactor>Small</formFactor>
        <type>Default</type>
    </actionOverrides>
    <actionOverrides>
        <actionName>View</actionName>
        <type>Default</type>
    </actionOverrides>
    <actionOverrides>
        <actionName>View</actionName>
        <formFactor>Large</formFactor>
        <type>Default</type>
    </actionOverrides>
    <actionOverrides>
        <actionName>View</actionName>
        <formFactor>Small</formFactor>
        <type>Default</type>
    </actionOverrides>
    <allowInChatterGroups>false</allowInChatterGroups>
    <compactLayoutAssignment>SYSTEM</compactLayoutAssignment>
    <deploymentStatus>Deployed</deploymentStatus>
    <enableActivities>false</enableActivities>
    <enableBulkApi>true</enableBulkApi>
    <enableFeeds>false</enableFeeds>
    <enableHistory>true</enableHistory>
    <enableLicensing>false</enableLicensing>
    <enableReports>true</enableReports>
    <enableSearch>true</enableSearch>
    <enableSharing>true</enableSharing>
    <enableStreamingApi>true</enableStreamingApi>
    <label>Campaign Grouping Suggestion</label>
    <nameField>
        <displayFormat>CGS-{00000}</displayFormat>
        <label>Suggestion Number</label>
        <trackHistory>false</trackHistory>
        <type>AutoNumber</type>
    </nameField>
    <pluralLabel>Campaign Grouping Suggestions</pluralLabel>
    <searchLayouts/>
    <sharingModel>ReadWrite</sharingModel>
    <visibility>Public</visibility>
    <fields>
        <fullName>Suggested_Initiative_Name__c</fullName>
        <externalId>false</externalId>
        <label>Suggested Initiative Name</label>
        <length>255</length>
        <required>true</required>
        <trackHistory>true</trackHistory>
        <trackTrending>false</trackTrending>
        <type>Text</type>
        <unique>false</unique>
    </fields>
    <fields>
        <fullName>Confidence_Score__c</fullName>
        <externalId>false</externalId>
        <label>Confidence Score</label>
        <precision>5</precision>
        <required>true</required>
        <scale>2</scale>
        <trackHistory>true</trackHistory>
        <trackTrending>false</trackTrending>
        <type>Percent</type>
    </fields>
    <fields>
        <fullName>Status__c</fullName>
        <externalId>false</externalId>
        <label>Status</label>
        <required>true</required>
        <trackHistory>true</trackHistory>
        <trackTrending>false</trackTrending>
        <type>Picklist</type>
        <valueSet>
            <restricted>true</restricted>
            <valueSetDefinition>
                <sorted>false</sorted>
                <value>
                    <fullName>Pending Review</fullName>
                    <default>true</default>
                    <label>Pending Review</label>
                </value>
                <value>
                    <fullName>Approved</fullName>
                    <default>false</default>
                    <label>Approved</label>
                </value>
                <value>
                    <fullName>Rejected</fullName>
                    <default>false</default>
                    <label>Rejected</label>
                </value>
                <value>
                    <fullName>Modified</fullName>
                    <default>false</default>
                    <label>Modified</label>
                </value>
            </valueSetDefinition>
        </valueSet>
    </fields>
    <fields>
        <fullName>Campaign_Count__c</fullName>
        <externalId>false</externalId>
        <label>Campaign Count</label>
        <summaryForeignKey>Campaign_Suggestion_Member__c.Suggestion__c</summaryForeignKey>
        <summaryOperation>count</summaryOperation>
        <trackHistory>false</trackHistory>
        <trackTrending>false</trackTrending>
        <type>Summary</type>
    </fields>
    <fields>
        <fullName>Approved_By__c</fullName>
        <deleteConstraint>SetNull</deleteConstraint>
        <externalId>false</externalId>
        <label>Approved By</label>
        <referenceTo>User</referenceTo>
        <relationshipName>Campaign_Grouping_Suggestions</relationshipName>
        <required>false</required>
        <trackHistory>true</trackHistory>
        <trackTrending>false</trackTrending>
        <type>Lookup</type>
    </fields>
    <fields>
        <fullName>Approval_Date__c</fullName>
        <externalId>false</externalId>
        <label>Approval Date</label>
        <required>false</required>
        <trackHistory>true</trackHistory>
        <trackTrending>false</trackTrending>
        <type>DateTime</type>
    </fields>
</CustomObject>